<BackupInst xmlns="http://www.microsoft.com/GroupPolicy/GPOOperations/Manifest"><GPOGuid><![CDATA[{FBD61A07-65CD-4FF2-B529-F49045D5AA82}]]></GPOGuid><GPODomain><![CDATA[gh.org.au]]></GPODomain><GPODomainGuid><![CDATA[{1cca1799-a7c7-46ad-ab85-9039e6932d49}]]></GPODomainGuid><GPODomainController><![CDATA[BAITS-PDC-01.gh.org.au]]></GPODomainController><BackupTime><![CDATA[2024-10-17T00:24:16]]></BackupTime><ID><![CDATA[{70606C23-2181-4F88-8E70-CD27C3423B1F}]]></ID><Comment><![CDATA[Defender Policy]]></Comment><GPODisplayName><![CDATA[Copy of Defender Antivirus]]></GPODisplayName></BackupInst>
